small,medium,big,two_legs,four_legs,hair,hooves,mane,feathers,hunt,run,fly,swim,animal
1,0,0,1,0,0,0,0,1,0,0,1,0,dove
1,0,0,1,0,0,0,0,1,0,0,0,0,hen
1,0,0,1,0,0,0,0,1,0,0,0,1,duck
1,0,0,1,0,0,0,0,1,0,0,1,1,goose
1,0,0,1,0,0,0,0,1,1,0,1,0,owl
1,0,0,1,0,0,0,0,1,1,0,1,0,hawk
0,1,0,1,0,0,0,0,1,1,0,1,0,eagle
0,1,0,0,1,1,0,0,0,1,0,0,0,fox
0,1,0,0,1,1,0,0,0,0,1,0,0,dog
0,1,0,0,1,1,0,1,0,1,1,0,0,wolf
1,0,0,0,1,1,0,0,0,1,0,0,0,cat
0,0,1,0,1,1,0,0,0,1,1,0,0,tiger
0,0,1,0,1,1,0,1,0,1,1,0,0,lion
0,0,1,0,1,1,1,1,0,0,1,0,0,horse
0,0,1,0,1,1,1,1,0,0,1,0,0,zebra
0,0,1,0,1,1,1,0,0,0,0,0,0,cow
