feature_1,feature_2,feature_3,feature_4,feature_5,feature_6,feature_7,feature_8,feature_9,feature_10,feature_11,feature_12,cluster
5.88922,-7.5037,1.67257,-2.61139,-2.61565,-0.650001,-5.17771,-0.145424,-2.43886,9.73843,0.890538,-1.23479,cluster A
6.71686,-8.24455,1.35189,-1.78384,-0.962931,-0.483482,-4.20611,0.393709,-1.50753,8.4863,0.429953,-1.50035,cluster A
6.51004,-9.32382,2.10814,-0.927623,-2.30454,-1.35819,-6.6424,-0.664321,-2.12966,11.4578,0.533819,-0.499926,cluster A
6.23574,-6.38755,1.79384,-0.708387,-2.14141,-0.786548,-6.65156,0.398284,-2.11754,9.74716,0.34842,-0.705546,cluster A
5.61278,-8.34352,1.60418,0.0873626,-1.53688,-1.0509,-6.91138,-1.66634,-2.21398,10.5875,0.68403,-0.816113,cluster A
6.20703,-7.56619,0.144795,-2.03636,-1.2769,-1.21615,-6.40632,-1.29129,-2.83809,10.5892,0.38178,-1.16975,cluster A
6.71432,-7.19825,2.48669,-3.22307,-0.73502,-0.997407,-5.96204,-0.0867838,-1.80813,10.7246,0.790121,0.112316,cluster A
5.91704,-7.76949,1.83542,-2.10415,0.213009,0.0941611,-4.47834,-0.715127,-2.87414,10.0904,1.21139,-1.48495,cluster A
6.3988,-7.67921,2.42888,-2.18509,-0.597399,-1.11487,-6.75833,-1.21218,-3.46089,10.0754,1.42708,-0.938437,cluster A
6.57664,-6.48042,1.4506,-1.56143,-1.55791,-1.81597,-5.50764,-1.97273,-2.12115,9.95859,1.49652,-1.10716,cluster A
5.5243,-7.4068,0.847011,-1.83486,-1.32751,-0.744608,-6.19722,-1.30098,-2.73314,8.41445,0.562981,-1.92887,cluster A
6.93718,-6.74377,-0.164079,-1.59796,-1.44981,-1.40774,-5.67345,-1.03144,-3.88067,9.77513,0.569581,-0.980518,cluster A
5.22766,-7.2194,1.78897,-2.53631,-1.83693,-0.705196,-6.47138,0.571894,-2.44415,9.23432,0.104413,-1.09967,cluster A
7.79176,-7.79659,1.34697,-1.3296,-1.38712,1.01123,-6.44637,-0.154769,-2.479,10.4206,-0.178047,0.227507,cluster A
6.03441,-7.64216,0.574579,-2.23379,-0.947752,0.0703837,-5.51235,0.183112,-2.07621,9.98969,1.28551,-0.626349,cluster A
6.04964,-7.13915,2.18899,-1.53278,-1.61691,-0.124296,-4.67815,-0.848874,-2.66275,9.86984,1.56648,-2.39352,cluster A
6.38872,-6.80023,0.662975,-0.620838,-0.968784,-1.04593,-5.91155,-1.81136,-3.0068,11.2971,0.0275736,0.283092,cluster A
6.06345,-6.94389,1.28621,-3.33284,-1.77426,-0.50877,-6.89669,-1.67535,-2.32943,9.49688,-0.555489,-1.55524,cluster A
6.7485,-8.0114,1.93387,-0.592997,-1.33431,-1.46806,-7.00618,-0.714883,-1.95512,10.1646,1.07521,-1.3802,cluster A
6.34116,-8.00963,1.01758,-2.64276,-2.50093,-0.997169,-6.86517,-1.3928,-2.10779,9.89115,2.7959,-0.384451,cluster A
5.66244,-7.10139,1.51369,-2.20179,-0.556373,-1.21045,-8.28337,-0.11852,-3.04438,11.0493,0.205055,-1.91672,cluster A
7.24847,-8.44887,1.40216,-0.649372,-1.27471,-0.705376,-5.9855,-0.0858138,-3.18218,10.4129,1.09689,0.637965,cluster A
5.87811,-8.33207,1.78913,-1.99204,-1.14776,-0.55041,-5.21055,-1.17331,-2.66273,8.11364,0.0302563,0.05901,cluster A
5.62731,-8.17696,0.368891,-1.28178,-1.22855,-1.50963,-5.57473,-0.506703,-2.04746,9.50265,1.94087,-0.759923,cluster A
6.03778,-8.04418,1.07631,-1.07898,-1.55348,0.137008,-5.63781,0.283091,-2.00379,9.92324,-0.71071,-0.840835,cluster A
6.69641,-7.54857,1.65882,-2.04617,-1.63455,-1.3319,-5.06987,-0.580646,-2.95367,9.00076,0.565907,-0.0091145,cluster A
6.45857,-8.19371,2.29352,-0.664797,-0.644934,-0.0733298,-5.21981,-0.300853,-2.03222,9.40193,1.76752,-0.889827,cluster A
7.59434,-9.15169,1.76712,-0.989796,-1.60726,-0.317869,-5.51593,-0.276047,-2.98797,9.86581,1.41819,-0.129294,cluster A
6.19471,-7.61099,1.40006,-0.948937,-2.12422,-1.61301,-5.96958,-1.50023,-3.02246,10.0317,1.02814,-1.83729,cluster A
6.70552,-8.95647,1.65081,-2.8503,-2.2848,-0.179903,-6.35538,-1.27416,-2.91899,10.3071,0.638068,-1.07925,cluster A
6.88957,-8.1878,0.911206,-2.08311,-0.508154,0.0739501,-5.12427,-0.720333,-2.70963,10.589,0.390627,-0.454007,cluster A
6.64931,-8.17467,1.19381,-1.79,-0.0978274,1.23453,-6.1326,-0.685572,-4.25433,10.1228,0.672247,-1.83784,cluster A
6.69388,-8.80528,1.0981,-1.60236,-2.26596,-0.0239499,-5.29258,-1.70371,-3.61912,10.4068,0.655189,-1.93857,cluster A
5.90813,-7.74516,1.15031,-1.10173,-1.07864,0.63959,-5.06081,-0.202554,-1.81261,10.9314,1.19061,-1.94899,cluster A
6.74754,-7.61445,2.43116,-1.63535,-0.975557,-0.407147,-4.83772,-0.566987,-2.79159,10.1937,0.357842,-0.940092,cluster A
6.11733,-7.46953,2.6525,-1.99824,-1.33107,-0.79182,-5.57098,-1.55479,-3.09925,9.94029,1.0744,-1.09154,cluster A
5.75905,-8.29717,1.62634,-0.654845,-1.12322,-0.510019,-5.73727,-1.3811,-2.82222,9.77422,0.891997,-1.08117,cluster A
5.23845,-6.84897,2.48466,-1.89465,-1.06799,-0.452568,-5.48952,-1.77158,-1.423,9.62887,1.59644,-0.999245,cluster A
5.83955,-7.7691,1.90653,-2.3309,-1.6307,-0.997332,-7.30707,0.249599,-2.17479,9.9535,1.52333,-1.75321,cluster A
6.06936,-6.41265,1.9665,-3.32119,-3.78034,-1.40134,-5.28842,-1.03926,-2.75394,10.4112,0.033827,-0.903132,cluster A
6.6986,-7.32748,1.54214,-2.14099,-0.984066,-0.957674,-5.11128,1.17263,-3.13354,8.38816,0.368069,-0.78393,cluster A
6.88619,-6.88256,0.684372,-2.27998,-0.436633,-1.44095,-5.26737,-0.860742,-2.03847,10.4824,1.24198,-0.461451,cluster A
5.40348,-7.4507,1.26446,-1.4791,-0.461389,-0.843884,-6.57755,-1.22513,-2.8216,10.5161,0.0849973,-0.215124,cluster A
6.33391,-7.83138,0.2862,-1.52524,-0.855257,-1.93048,-5.19342,0.502098,-2.34955,10.3265,2.43209,-0.162321,cluster A
5.4701,-7.6791,1.14021,-1.81299,-3.07675,-0.0964568,-6.52286,-0.576824,-2.69461,10.6023,0.46231,-1.63616,cluster A
6.50982,-6.64566,1.0218,-0.707371,-1.16734,-1.03408,-4.95118,-1.29093,-1.85844,9.60682,1.00466,-1.95511,cluster A
5.51384,-6.89271,1.39106,-1.67547,-1.67768,-0.322205,-7.07576,-1.50998,-2.71035,9.36248,0.168035,-1.10987,cluster A
6.02278,-7.82876,2.46493,-0.968267,-0.463944,-0.667265,-6.42686,-1.75277,-2.84873,8.45253,0.252986,-0.502299,cluster A
7.30159,-6.96501,0.627922,-1.34518,-1.93166,-0.0484981,-6.14092,-0.0718946,-0.725171,10.6397,2.37303,-0.928894,cluster A
5.88306,-6.69741,2.50789,-2.1068,-1.30224,-1.68968,-6.20539,-0.0499888,-2.65844,9.55518,-0.345689,-0.790175,cluster A
6.70256,-7.23335,1.43991,-2.62954,-0.0771313,-0.687893,-6.16522,-0.162966,-4.16825,9.92213,0.577915,-0.787246,cluster A
7.10213,-7.32371,-0.07762,-1.94981,-1.20853,-0.539802,-6.99142,-1.90533,-2.19651,10.2187,0.661874,-2.31226,cluster A
7.41247,-9.77543,0.989602,-0.183063,-1.47239,-0.478079,-6.91719,0.29192,-3.53536,10.154,0.775435,-1.82176,cluster A
6.76758,-8.69638,0.75741,-1.72418,-1.65783,-0.306701,-5.38818,-0.909368,-2.98928,9.59316,0.411577,-0.469286,cluster A
5.96458,-7.37065,1.18803,-2.31723,-0.730033,-1.40144,-6.05545,0.385254,-3.39032,9.92888,-0.47476,-1.42823,cluster A
5.0362,-7.92987,0.86296,-1.60737,-0.206178,-0.441065,-5.58147,-0.732657,-2.77341,9.3627,-0.631844,-1.00801,cluster A
7.30711,-7.32073,0.866092,-0.504208,-1.67246,-1.09668,-6.94157,-1.3952,-2.77474,11.4223,0.527472,-1.80779,cluster A
5.68262,-7.82901,0.00987068,-1.61125,-0.848569,-0.413564,-5.62323,-1.63328,-3.8305,10.9036,1.47293,-2.17765,cluster A
6.27279,-7.64844,1.65042,-1.55167,-1.72299,-0.504842,-5.94579,-0.731149,-3.94233,7.79152,0.102901,-2.24635,cluster A
6.30637,-7.1464,1.44558,-1.97195,-1.30671,0.201853,-6.58979,-0.0252984,-2.08121,10.1592,1.7329,-1.57974,cluster A
6.80795,-8.34233,0.696673,-2.47371,-1.03383,-1.32999,-6.02204,-1.52217,-1.82048,11.3039,0.841715,0.136817,cluster A
6.53035,-6.08993,1.32679,-2.84499,-0.274309,-0.738659,-6.81301,-1.1729,-3.77797,9.84708,-0.101438,0.0210915,cluster A
6.60584,-8.87409,0.156999,-2.11549,-2.75743,-0.726619,-6.09154,-1.25762,-2.99293,10.3317,1.71091,0.0294465,cluster A
6.1477,-7.0448,0.71752,-1.40382,-2.05562,-0.116399,-6.96026,-1.3974,-2.60171,10.3739,-0.368178,-1.44802,cluster A
6.22101,-7.50048,0.644498,-1.63288,-1.55223,0.373778,-5.6551,-1.6584,-4.19615,10.0416,1.53672,-0.931585,cluster A
6.76401,-8.01935,0.26274,-1.15909,-1.28602,-0.149761,-7.06434,-0.56381,-3.05037,10.5554,0.255206,-1.49946,cluster A
5.69694,-6.74829,1.27528,-2.25582,-2.10136,-1.40586,-4.99664,-2.01512,-3.21384,10.4327,1.53411,-1.16569,cluster A
6.69382,-7.11476,1.97124,-1.66957,-0.154803,-0.489671,-4.93443,-1.48297,-1.89728,9.07114,-0.395374,-0.67586,cluster A
5.54135,-7.32023,0.498767,-0.510773,-1.32493,-1.44232,-5.90318,-0.0240006,-3.12408,10.3774,2.1992,-0.392344,cluster A
6.15129,-8.04468,1.71167,-2.76792,-3.52909,-1.09272,-6.80764,0.612668,-2.45323,9.29406,-0.126115,-0.652129,cluster A
5.56209,-8.0467,1.23222,-1.594,-1.24123,-0.516354,-5.06556,0.590014,-3.74786,11.8928,0.822126,-0.102003,cluster A
5.63697,-7.37815,1.46331,-1.56799,-0.684963,-0.133729,-6.73709,-0.727365,-2.01153,10.5229,0.487638,-1.20737,cluster A
6.06554,-8.41513,0.373018,-0.507686,-1.59046,-0.522706,-6.54902,0.302199,-1.26697,9.86389,1.1061,-1.55199,cluster A
7.46067,-6.93918,0.698427,-0.741375,-1.04152,-0.291507,-5.74572,-1.12783,-2.93299,10.4751,0.694447,-1.6946,cluster A
7.65187,-7.7674,0.899229,-2.15926,-0.805117,0.11267,-5.83067,-0.0135718,-3.63534,9.74862,0.384839,-1.00506,cluster A
6.52647,-9.10167,3.57432,-2.28683,-1.06091,0.000713562,-5.39604,-0.476588,-4.66831,9.22062,1.26989,-1.68838,cluster A
5.39329,-9.34267,2.17508,-1.29872,-1.97514,-0.712902,-6.10433,-1.48034,-2.76946,10.1778,1.10175,-0.115958,cluster A
6.16423,-7.98378,1.56541,-2.14347,-2.25098,0.200746,-6.32143,-0.592646,-2.10848,9.1784,1.15795,-0.716202,cluster A
6.06555,-7.36615,0.718087,-3.29296,-1.55018,-1.29571,-5.41511,-0.490175,-2.96758,10.0167,1.67412,-0.219625,cluster A
6.40403,-7.34092,1.06498,-1.78536,-0.916906,-0.721079,-5.83013,-1.4947,-3.79686,8.7457,0.371104,-0.0806071,cluster A
0.144095,-2.81242,-4.43442,-0.506215,1.84032,-1.83018,3.75744,-0.442724,1.17592,4.93228,2.38143,-1.23827,cluster B
-1.61609,-2.18359,-3.7115,-0.476274,0.637279,-1.96703,3.44715,0.356708,1.27512,5.549,0.404487,-2.07882,cluster B
-1.28489,-2.01239,-4.92953,-1.17037,1.68369,-1.48903,2.98004,0.39139,0.120168,5.51736,2.47984,-1.16843,cluster B
-0.518605,-2.30102,-2.13397,-1.55104,0.880823,-0.124891,2.28462,-0.239205,0.952872,4.71352,1.7321,-0.749167,cluster B
-0.212768,-3.2621,-4.23417,-0.0647481,1.77866,-2.41816,1.77449,-0.566386,-0.721657,5.03708,1.71371,-1.09741,cluster B
-1.7915,-1.4776,-1.53615,-1.81139,2.54434,0.109659,3.42095,-0.636121,-0.866568,3.93234,2.28275,-0.690787,cluster B
0.18203,-1.19414,-2.4024,-1.51111,0.470386,-0.528083,3.30488,-0.509058,-1.15963,4.22877,0.438629,-1.37569,cluster B
-1.68873,-2.12148,-2.87945,-1.0389,2.59358,-1.6049,1.09595,0.200198,1.24928,5.83888,1.89215,-1.04889,cluster B
-0.719787,-3.04733,-3.61212,-0.739427,0.994703,0.879803,1.62887,-0.931955,1.01209,4.16203,0.727757,-2.60996,cluster B
-1.41722,-0.735043,-2.80304,-0.721226,1.04415,0.00584868,2.98762,-1.33144,-0.273065,4.83107,2.62647,-1.53651,cluster B
-0.404847,-0.313461,-3.79578,-2.1666,2.28338,-0.326822,2.8204,-0.353816,-0.170378,5.09078,1.38723,-0.828278,cluster B
-1.77924,-2.64789,-3.04065,-1.53027,2.04795,-0.720994,2.45625,-0.396835,-0.33198,3.38494,0.730234,-2.14499,cluster B
-1.19973,-1.89204,-2.38306,-0.685387,2.94525,0.368239,2.75256,0.795393,1.081,4.30001,1.92805,-0.57773,cluster B
-0.607804,-1.12996,-2.80227,-0.555297,1.22166,-0.365434,2.61191,-0.00428439,-1.27958,4.95185,2.70376,-0.998935,cluster B
-0.826041,-1.5214,-3.82303,-1.81834,1.18914,-0.798557,3.70771,-1.29697,0.935702,3.38082,1.02584,-1.50737,cluster B
0.14818,-2.47102,-4.89237,-0.788092,1.46028,-1.56858,2.05188,-1.13407,0.191888,5.22204,0.455869,0.407372,cluster B
-0.837107,-2.27341,-2.57359,-1.04515,3.40742,0.224448,2.60703,-0.88394,-0.300354,4.39297,2.22617,-2.01104,cluster B
0.521071,-2.03531,-3.24919,-0.354814,-0.148318,-1.45067,3.40215,-0.554449,0.0982306,4.99964,1.17546,-1.62136,cluster B
-1.92994,-3.51383,-2.08927,-1.90634,0.890195,0.46837,3.77965,-0.999429,-0.331169,4.6031,0.881732,-1.03139,cluster B
-0.69183,-1.86498,-2.51268,-0.548292,2.995,0.565541,1.49693,0.171982,-0.81659,3.49311,2.25276,-2.06233,cluster B
-1.07237,-1.09122,-3.68014,-1.87808,1.74661,0.323362,3.3404,-1.84732,-0.431788,4.54382,3.25669,-0.748312,cluster B
-0.110986,-0.9818,-3.38835,-0.745671,1.88134,-1.48854,2.89115,-0.103097,-0.784778,5.33474,2.29188,-0.632642,cluster B
-1.45032,-1.88414,-1.93696,-0.488011,0.828134,-0.498811,4.07448,-0.63099,0.41762,6.78385,1.63566,-1.57404,cluster B
-1.64199,-2.51686,-1.91271,-1.25817,0.49698,-1.45497,2.90547,0.0576315,-0.513878,5.2505,1.25786,-1.19877,cluster B
-0.393274,-1.48218,-3.50043,-1.29222,1.88101,-1.76427,3.03065,-0.162258,0.945149,4.6182,1.49366,-1.3901,cluster B
-1.43952,-2.16939,-2.82286,-0.935714,0.589903,-0.981394,1.13409,0.0608562,-0.365715,4.83292,0.727592,-1.58903,cluster B
-0.481738,-1.20211,-4.29355,-0.486674,1.30107,-1.36414,3.25483,-0.853299,-0.183356,4.04537,1.80576,-1.49934,cluster B
-1.00128,-2.80558,-3.60197,-0.856527,2.48292,-0.753606,4.02106,-0.624435,-0.841121,5.14089,0.824005,-1.20102,cluster B
0.0208407,-2.27403,-3.25442,0.842236,1.62661,-0.514214,3.5001,-0.695996,-0.0155031,4.93556,-0.348208,-0.366354,cluster B
-1.73719,-2.90631,-2.73704,-1.16514,0.402756,-0.556142,1.92071,-1.18692,-1.17811,3.94274,1.94746,-1.42909,cluster B
-0.604131,-1.26066,-3.21537,-1.72984,1.20106,0.624615,2.88605,-0.351643,-0.0211618,4.82419,1.97503,-1.53807,cluster B
-0.986165,-2.66158,-3.87587,-0.852861,2.04599,0.0280559,2.90257,-1.29246,0.575613,5.12844,0.385249,-0.870948,cluster B
-0.380147,-0.649691,-4.10643,-2.23896,2.07748,-2.2054,2.25888,-1.5102,-0.772847,3.05795,1.42696,-0.72743,cluster B
-0.493595,-1.65029,-3.47072,0.00415212,1.86834,0.136909,1.59054,-0.325588,-0.874774,4.91569,1.79048,-2.44796,cluster B
-0.705415,-1.05712,-2.75895,-0.691487,0.73394,-1.27638,1.95767,-0.493338,1.04681,4.99312,1.6325,-2.43527,cluster B
-0.48006,-2.19994,-4.7283,-2.59043,1.16767,-1.44922,4.2289,-0.569831,-0.777591,4.23847,2.94319,-2.29144,cluster B
-0.210075,-1.6427,-1.9587,-0.734354,1.1187,-0.280324,2.93119,0.203002,0.0259946,6.26412,1.55716,-1.14944,cluster B
-1.37593,-1.89399,-3.1356,-1.02484,2.19287,-1.1472,2.18846,0.318958,-0.151631,4.0993,2.59192,-0.867117,cluster B
-3.00015,-2.30216,-2.50963,-0.475714,1.03854,0.579682,2.23814,-0.774018,0.193231,4.64911,2.31262,-0.66226,cluster B
-0.862893,-0.840478,-3.70845,-1.32842,2.87469,-0.615767,3.76855,-0.931198,-0.122704,4.57307,1.79879,-1.76939,cluster B
-0.806135,-1.43098,-2.15279,-1.05776,2.00321,0.0577291,2.01763,-1.86155,1.42408,5.74561,1.70972,-1.20048,cluster B
-1.58817,-3.10996,-2.87919,-2.36276,2.22141,-1.24589,3.13823,1.01255,1.64604,4.44091,2.53614,-2.33471,cluster B
-1.29824,-1.67529,-2.00365,-1.61822,1.91434,-0.608089,1.86162,-0.685759,1.32551,4.58492,2.06998,-0.813251,cluster B
-1.42528,-0.971998,-1.91018,0.159989,2.54491,-1.0755,2.41379,-1.22304,-0.651169,4.00485,2.46904,-0.295994,cluster B
-1.35067,-1.32002,-4.18597,-1.42254,0.645321,-2.0361,2.93351,-0.519896,-0.24715,4.22182,0.839094,-1.61173,cluster B
-1.32492,-1.79469,-4.14489,-0.975018,1.8763,0.315779,3.74651,-0.433502,-0.479769,3.14115,1.63753,-0.345584,cluster B
0.527441,-4.08722,-3.78089,-1.4541,0.595983,-0.556059,2.91116,-1.01879,0.049138,3.33326,0.84159,-2.24726,cluster B
-0.100274,-3.33764,-3.33548,-0.527013,1.40636,-0.0429414,2.34112,-0.236016,0.82197,6.48031,2.23968,-0.334448,cluster B
-0.827826,-1.91593,-1.86634,-0.684081,2.6224,-0.122063,4.6298,1.37289,-0.604113,6.18019,2.006,-1.10911,cluster B
-0.924209,-1.39695,-4.06454,-1.75406,0.833985,-0.458818,3.65112,0.0273308,0.396974,4.1708,0.207828,-1.16078,cluster B
-0.700871,-1.6866,-1.96631,-1.29863,1.30348,-2.59895,3.35802,-0.615328,-0.511549,4.9795,0.799697,-1.93766,cluster B
0.796665,-1.36085,-2.37907,-0.531951,1.9984,-0.533146,4.77818,-0.637852,0.70032,4.47882,1.36694,-3.50311,cluster B
-2.40818,-0.709643,-1.92025,-1.51376,1.43704,-0.193676,2.07105,0.874141,-0.768115,4.05936,-0.625885,-0.253916,cluster B
-0.782232,-0.65397,-3.97755,-0.881002,1.52001,-0.53927,4.59437,1.27899,1.22038,4.31858,2.38227,-0.396642,cluster B
-0.373334,-1.52455,-2.75811,-1.90455,1.65772,0.61482,2.06269,-0.522759,0.769586,3.52241,1.53047,-2.90505,cluster B
-1.33517,-3.15553,-3.89655,-1.56955,1.22359,-0.87908,0.895742,0.712604,-0.150772,3.737,1.11916,-1.25915,cluster B
-1.66839,-2.34472,-3.55241,-0.727886,0.829316,-0.342178,3.16076,-0.721653,1.09492,4.6543,0.665454,-1.27041,cluster B
-0.742407,-2.0375,-2.97411,0.762631,1.63816,-0.338632,2.6703,0.479796,0.0261968,3.97687,0.628378,-1.08159,cluster B
-0.230928,-3.31243,-3.76148,-0.644172,2.29174,-1.80379,2.53667,0.085618,-0.367747,4.26542,1.18911,-2.5931,cluster B
-0.806464,-1.75466,-4.32141,-1.09129,2.35676,-0.546275,3.65187,-1.05346,1.19878,3.98837,3.18642,-1.8872,cluster B
-1.43748,-2.74122,-3.50727,-1.58055,0.876109,-0.988911,3.41852,0.125112,-0.207261,5.65223,0.811186,-2.36502,cluster B
-1.77764,-1.51112,-4.44516,-2.32527,2.49597,0.691737,3.97614,-1.83178,0.0781643,5.31787,1.71004,-2.85336,cluster B
-1.13106,-3.40845,-4.18622,0.594292,1.99923,-1.93049,1.63082,-0.230341,-0.436152,5.10582,1.09477,-1.68797,cluster B
-0.65515,-2.86279,-4.75511,-2.1644,0.862051,-0.892794,2.81506,-0.664644,0.486175,3.8921,2.77361,0.121868,cluster B
-0.553913,-1.86089,-2.14975,-0.65046,1.58826,-0.866206,2.25224,-1.57484,0.608063,5.60289,0.751951,-1.58806,cluster B
-0.677396,-2.36773,-3.8057,-1.50902,-0.190257,-0.779297,2.61743,1.13032,0.83028,4.33905,1.61474,-0.116484,cluster B
0.46463,-1.86626,-3.28548,-2.37673,1.16213,-0.869111,2.25296,0.811038,-1.48626,4.51135,1.95612,-1.1704,cluster B
0.530774,-3.17044,-3.79596,-1.10701,1.54027,-1.0479,2.22932,0.269678,-0.806557,4.14913,2.80441,-0.102421,cluster B
-0.140695,-2.72746,-3.88278,-1.9278,0.496683,-1.07315,3.90478,-0.431371,-0.565139,3.98103,0.650978,-0.538416,cluster B
-2.52437,-1.79682,-4.36976,-2.06414,0.199838,0.0568431,2.78447,1.63761,-0.80431,3.7123,2.09735,-1.0773,cluster B
-1.10144,-3.6948,-2.00289,-0.732326,1.74521,-1.23435,3.37026,-1.09293,0.0750702,4.44778,2.63624,-1.93919,cluster B
-1.16539,-1.13169,-3.01732,-1.22804,1.20699,0.0264225,2.29579,-0.253713,1.70225,4.92286,0.944058,-2.55098,cluster B
-0.768593,-3.06182,-4.52583,-1.84597,0.494702,-0.0441819,1.62726,0.652993,-0.598588,4.68248,2.13573,-1.38556,cluster B
-0.304217,-2.87249,-5.09351,-1.39538,0.00219525,-1.25306,3.59148,-0.822908,-0.477518,3.64438,1.33169,-1.72225,cluster B
-2.21184,-1.82646,-4.11717,-1.05841,1.00721,0.0333704,3.51216,-0.658637,-0.0832353,4.93283,2.71068,-0.699592,cluster B
-0.770897,-1.79885,-1.91721,-2.56879,1.84519,-1.5036,3.94715,-1.04711,-0.0574408,3.70627,1.61541,-0.892256,cluster B
0.506421,-3.07105,-3.55248,2.02839,2.20496,-0.736779,3.2909,-2.80815,1.3934,4.75895,0.444734,-0.558592,cluster B
-1.36852,-2.85588,-2.73757,-0.844035,1.0652,-0.778098,1.76417,-1.79225,0.813305,5.72235,1.99051,-1.20797,cluster B
-1.17008,-2.11136,-3.93741,0.275666,0.97801,-0.377499,2.87341,-1.75264,1.66985,4.32794,1.00221,-1.42125,cluster B
-1.58368,-1.97974,-3.95632,-0.706807,1.49168,-1.84255,3.7279,-0.439367,-0.835549,4.9351,1.99199,0.0208837,cluster B
-0.9194,1.99283,5.767,-0.540146,-0.840877,2.98517,-2.44133,-1.38567,1.74286,1.74098,0.086242,2.05262,cluster C
-0.265737,1.53389,6.32748,-0.81923,-0.673649,3.3756,-2.3957,-0.90301,2.71292,1.42524,0.020813,2.06693,cluster C
-0.183672,1.44656,6.18187,0.0445325,0.212539,3.03435,-2.1869,-0.593695,3.00575,2.12224,0.520334,2.38774,cluster C
-0.444752,1.5311,5.93709,-0.573001,-0.178625,3.19073,-2.31491,-0.235647,2.26828,1.65165,0.531873,2.04545,cluster C
-0.962633,2.07276,5.79837,-1.21777,0.111358,2.47566,-2.64273,-1.14277,2.7171,2.00671,-0.0568308,1.98674,cluster C
-0.583883,1.20898,6.32987,-0.71394,-0.835075,2.73919,-2.784,-0.793953,2.46761,2.30022,-0.805601,1.10369,cluster C
-0.64029,0.843581,5.79484,-1.07431,-0.460875,3.20475,-2.07513,-0.45839,3.20854,1.98915,0.755207,2.2463,cluster C
-0.784239,1.10081,5.30183,-0.5808,-1.74144,3.10229,-2.96488,-0.538228,2.75329,1.43648,0.299988,1.04744,cluster C
-0.4126,1.84241,5.03068,-0.418561,-0.762386,3.10142,-3.25274,-0.593557,2.91932,1.75549,-0.129473,2.36098,cluster C
0.0116306,1.81672,6.26046,-1.03767,-0.63915,3.19489,-2.57025,0.369306,2.85758,1.52863,0.662776,1.57328,cluster C
-0.356863,1.98751,5.62742,-0.911593,-1.09943,3.10087,-2.91296,-0.0877507,2.96659,1.68502,-0.295512,2.93032,cluster C
0.0561735,1.86886,5.93422,-0.690492,-0.888266,3.86322,-2.52602,-1.45111,2.40912,0.672124,0.603937,2.38499,cluster C
0.260554,2.57197,5.51265,-0.570299,-0.256388,3.39327,-2.83525,-0.485054,2.90444,2.37137,0.304457,1.94906,cluster C
-0.727362,1.49922,5.51495,-0.916062,-0.474804,3.24379,-2.05212,-0.365405,2.95471,1.28026,0.555992,2.54763,cluster C
-1.07669,1.1733,5.42611,-1.2258,-0.825002,2.6329,-2.46345,-1.37033,2.61982,1.55217,-0.117716,2.48231,cluster C
-0.511115,1.88036,5.68638,-0.480706,-0.440909,2.96582,-3.40002,-0.496719,2.97084,1.84368,0.403852,2.08836,cluster C
-0.440727,1.21295,5.80601,-0.646863,-0.969854,2.61333,-1.83274,-0.588376,2.54037,1.55378,-0.839939,1.42071,cluster C
-0.630996,2.2022,4.94308,-1.08552,0.119983,3.32106,-2.45521,-0.334528,2.62135,1.69007,0.608411,2.4031,cluster C
-0.982778,2.30627,5.07935,-1.0825,0.621209,2.81267,-2.3501,-1.28065,2.53603,1.45721,0.129445,2.32019,cluster C
0.23266,2.02537,6.50383,-1.00016,-0.0712969,3.2774,-2.04065,-1.02846,2.57415,2.35697,0.563818,2.08207,cluster C
-0.818724,1.60266,6.03803,-0.474683,-0.94786,2.88125,-2.45413,-1.33365,3.07001,1.75396,0.230353,0.981498,cluster C
-1.22688,1.18113,5.55888,-1.27838,-0.567612,3.0657,-2.77418,-1.75223,3.25027,1.62086,0.529119,1.72095,cluster C
-0.549785,1.92095,5.90583,-0.395316,-0.810183,3.86418,-3.47744,-1.11502,3.06773,1.63025,0.0806653,1.24197,cluster C
-0.0351601,0.799555,6.01994,-0.729401,-0.358283,3.63078,-2.96802,-1.23035,2.5042,0.993025,0.620804,1.83062,cluster C
-0.488899,1.12484,5.79895,-1.0883,-0.775315,2.523,-2.23074,-1.1694,1.53197,2.00402,0.12966,1.61311,cluster C
0.515153,1.5822,5.2109,-1.09159,-0.584688,2.89139,-2.14241,-0.434696,2.28809,1.73907,0.532825,1.81402,cluster C
-0.76682,1.98247,5.98136,-1.43178,-0.985547,2.8105,-2.72853,-1.20278,3.20812,1.30483,-0.211661,2.08313,cluster C
-1.538,1.15915,6.05743,-1.39778,-1.11224,3.45806,-2.4793,-0.866973,2.73675,1.43354,0.392763,1.90809,cluster C
0.514947,1.84009,5.64621,-0.844588,-0.720111,2.39965,-3.02662,-0.228544,2.03077,1.4794,0.705006,2.6514,cluster C
-1.00002,2.24245,5.63948,-0.10356,-0.523103,2.87698,-2.35272,-0.640829,2.30736,2.66065,0.119618,2.50107,cluster C
-0.763986,0.827675,5.31527,-0.85816,-0.442232,3.76063,-2.62999,-1.00264,2.11148,1.71536,0.398173,1.04985,cluster C
0.00821743,2.10609,6.78116,-1.20777,-0.720217,3.00695,-3.23854,-1.24915,2.21525,1.95553,0.452924,2.58432,cluster C
-0.730546,1.0101,5.98623,-0.657874,-0.451961,3.5359,-2.92092,-0.539578,2.20505,1.7995,0.563167,1.95115,cluster C
-0.463872,1.01084,5.51516,-0.753754,-1.25959,2.6286,-1.6193,-0.774419,2.28032,1.28292,0.856541,0.784769,cluster C
-0.724296,1.85593,5.52259,-0.625593,-1.22796,2.95416,-2.68931,-0.9188,2.66023,1.70644,0.706231,1.84416,cluster C
-0.85587,1.44605,5.61952,-1.52135,-1.61104,2.36717,-2.59331,-1.21985,2.41289,2.92135,0.702717,1.8624,cluster C
-0.878373,2.15782,5.4106,-0.332779,-0.534548,3.54705,-3.02982,-0.542852,1.80771,1.60804,0.682076,2.2521,cluster C
-1.39941,1.85845,5.94226,-0.896102,-1.10244,2.82564,-2.96713,-0.526741,2.78858,2.14208,0.511916,1.39703,cluster C
-0.55009,2.48603,5.26583,-0.748137,-1.12799,2.56267,-2.6287,-0.539356,2.91833,1.87983,0.623818,1.24644,cluster C
-0.256836,1.73482,5.66479,-0.874744,-1.16026,3.448,-3.04608,-1.57359,2.58315,1.42926,0.182582,2.60145,cluster C
-0.669413,1.61364,6.72257,-1.47571,-0.632544,3.45102,-2.06484,0.0354923,2.3041,1.94583,0.175076,1.7561,cluster C
-0.91991,0.931565,5.89236,-0.540346,-1.24731,3.27944,-2.9555,-1.37058,1.45536,2.16266,0.528922,1.81914,cluster C
-0.771888,1.00233,5.97419,-0.891254,-0.550836,3.03006,-3.32323,-1.60337,2.77691,0.9558,0.342326,2.35392,cluster C
-1.15446,1.8671,5.7789,-0.620604,-1.04761,2.96013,-2.51257,-0.11792,2.93154,1.92387,-0.320598,2.12411,cluster C
-0.874027,1.56292,5.89459,-0.413997,-0.498185,3.06486,-2.7076,-0.308775,2.24128,1.73712,0.851727,1.9062,cluster C
-0.207604,1.98932,6.64598,-0.336413,-1.46611,2.98788,-2.55188,-0.536518,2.79425,2.53747,0.729385,1.47223,cluster C
-0.850568,0.696364,6.52688,-0.896655,-0.828312,2.28079,-2.89312,-0.73511,2.42176,1.51709,-0.0504143,2.81532,cluster C
-0.848467,0.925959,5.51385,-1.03026,-0.84303,2.82651,-3.22312,-1.04031,2.73688,1.04866,1.0568,2.67089,cluster C
-1.42393,1.37801,6.16326,-0.305154,-0.0329592,2.11615,-3.22806,-1.18277,2.80575,1.18892,0.383353,2.12904,cluster C
-0.311613,0.980298,5.81562,-0.851475,-0.986132,3.50681,-2.85656,-0.307953,2.32147,2.42401,0.93488,1.59013,cluster C
-0.458858,1.70275,5.32274,-0.517823,-0.521364,2.57578,-2.66413,-0.531528,2.53291,1.38431,0.950466,1.53949,cluster C
-0.438121,2.07621,6.11608,-1.64821,-0.906632,2.91786,-2.78139,-0.628206,2.8597,1.77587,0.368811,2.43338,cluster C
-0.0209148,0.774427,6.74488,-1.06573,-0.402041,2.28155,-2.89648,-1.43659,3.11323,2.1201,0.268403,1.9277,cluster C
-0.387116,1.20261,5.53186,-1.15121,-0.379288,3.0112,-3.22424,-0.731151,2.87105,2.34162,0.02446,2.18087,cluster C
0.356054,1.47256,5.63958,-0.592495,-0.956849,3.00068,-2.88704,-1.22557,3.02435,1.56888,-0.173511,1.87603,cluster C
-0.619535,1.74334,6.20488,-0.044234,-1.27704,2.8881,-3.46713,-0.791542,2.86244,1.44071,-0.141033,1.55969,cluster C
-1.22123,1.87802,6.61924,-1.32756,-0.0394687,2.93396,-3.29141,-0.654421,2.95279,1.88602,0.132713,2.71087,cluster C
-0.701857,1.86917,6.05847,-1.23134,-1.57112,2.21794,-2.86652,-0.753645,1.83492,1.3903,0.908432,1.1886,cluster C
-0.383691,1.73754,6.11147,-1.49092,-0.622642,2.35893,-2.11652,-1.29384,2.77259,1.34988,0.293189,1.29726,cluster C
-0.466784,1.84266,5.7578,-0.145263,-0.612159,3.30761,-2.48087,-0.0975786,2.31774,1.58055,0.136847,2.23915,cluster C
-0.475025,1.94659,5.89506,-1.07377,-0.796597,3.16034,-3.69796,-0.302841,2.36364,1.55061,0.354923,1.86771,cluster C
-1.21736,1.49023,6.38337,-0.37846,-0.216389,2.73825,-2.77984,-0.43758,3.27597,1.73285,-0.171665,1.14196,cluster C
0.0564757,0.934596,5.97803,-0.432171,0.689317,3.07842,-2.72092,-0.682144,2.86412,2.32573,0.571771,1.66659,cluster C
-1.48631,1.74802,5.50167,-0.188365,-1.31539,3.09341,-2.98546,-1.26577,3.38524,1.81507,0.193431,2.33824,cluster C
-0.897606,1.45789,5.52164,0.0716208,-0.58412,3.28636,-2.16346,-0.958109,2.57846,1.01212,0.487163,2.12485,cluster C
-0.732754,2.15703,5.00812,-0.623112,-1.34619,2.49561,-2.75496,-0.282617,2.11529,1.29335,-0.267865,2.9067,cluster C
-0.317135,1.80063,6.72535,-0.699352,-1.67186,2.77928,-3.19603,0.0281612,2.01257,1.87471,0.0419038,1.81072,cluster C
-0.541597,1.55887,5.49638,-1.36467,-1.02515,2.53657,-3.06878,-0.82563,2.5756,1.95138,0.163951,2.86736,cluster C
-0.880408,1.16912,6.25964,-1.12988,-0.679906,3.44036,-2.70866,-1.03963,3.07599,1.88429,0.030483,1.46749,cluster C
-0.724415,0.872264,5.40759,-1.30663,-0.605878,3.34145,-2.95877,-1.08038,2.14597,1.11338,0.0719222,2.25375,cluster C
-0.347668,1.87601,5.67334,-2.04216,-0.324607,3.5897,-2.25982,-0.479052,3.13111,2.93514,0.412904,2.70223,cluster C
-0.189899,1.92212,5.74357,-0.965268,-1.23679,3.2676,-2.80124,-1.41456,2.30564,1.20759,0.989344,1.89872,cluster C
-0.502166,1.07698,5.34063,-0.34094,-0.837689,3.10471,-1.83863,0.0597073,2.95511,1.95834,0.379582,1.88176,cluster C
0.357687,1.07671,5.76455,-1.67097,-1.29803,3.18714,-2.45511,-0.724486,2.50216,1.42396,0.0328848,1.83849,cluster C
-0.0585151,2.27475,6.00331,-1.05029,-1.15055,3.1432,-2.7619,-1.69259,3.26169,1.73735,0.131647,1.6203,cluster C
-0.940242,2.0243,5.38235,-0.765986,-0.446382,3.83317,-2.3886,-0.890485,2.45048,2.12448,0.724609,1.81947,cluster C
-0.285292,1.55962,5.07816,-1.26,-0.368033,3.65304,-2.35527,-0.965747,2.32666,1.98152,0.422838,1.28549,cluster C
-0.25664,1.30473,6.10634,-0.56816,-0.405314,3.48724,-2.34344,-1.34515,2.19154,2.20712,0.488693,1.30657,cluster C
-1.44741,2.02254,6.80263,-0.437195,-0.835974,3.12788,-3.87872,-1.32123,3.10309,2.12827,-0.6773,2.54159,cluster C
-0.307443,2.04275,5.71604,-0.805583,-1.21222,3.15211,-2.25632,-1.29518,2.81325,1.50425,0.743293,2.4511,cluster C
-10.4641,3.44698,-2.02363,-5.47363,0.65049,1.97692,-2.29392,-3.32448,1.38723,0.245113,5.49878,3.07849,cluster D
-7.47309,3.16969,-2.22456,-3.30903,2.0693,2.37643,-1.91742,-4.00078,0.283389,0.213509,2.67802,2.42984,cluster D
-8.18948,3.32117,-3.33692,-3.06823,1.56519,0.952084,-1.93265,-2.55548,0.508948,-0.0516899,4.18904,2.05942,cluster D
-8.86533,2.19715,-2.40391,-7.34774,0.203987,3.12568,-2.01,-4.24984,1.64515,0.690712,4.06693,1.72556,cluster D
-8.70669,2.7433,-3.11206,-5.65624,1.25079,1.60142,-2.88817,-4.34905,0.0408644,-1.05185,2.10218,3.45514,cluster D
-8.11391,2.61929,-3.36506,-4.62697,1.92711,1.52738,-1.04401,-3.80691,0.295284,-1.1674,2.62819,2.25646,cluster D
-8.59724,3.6094,-3.49767,-3.91691,0.849466,3.33298,-1.67929,-2.02694,-0.0353772,-0.0995315,4.96437,0.702417,cluster D
-9.43601,4.53944,-4.19946,-5.48226,1.22526,3.26604,-1.81646,-3.17834,-0.924667,-0.53666,5.0181,2.46007,cluster D
-8.5657,3.3659,-2.81657,-4.91591,0.483192,1.23307,-0.818662,-4.24137,0.882555,1.57304,5.43737,4.13411,cluster D
-9.39871,3.22475,-3.61206,-5.66407,-0.643795,1.04923,-0.655767,-2.68039,1.05073,0.751467,4.84157,1.54372,cluster D
-8.60583,3.65296,-1.85871,-5.33864,0.398815,1.71984,-0.0203292,-2.77184,-0.19825,-0.809867,4.5699,0.832256,cluster D
-8.68275,2.58145,-3.37275,-4.84309,1.17006,4.63,-1.25065,-2.64977,-0.591541,-1.5357,5.17004,3.87922,cluster D
-9.3103,3.00982,-1.94623,-4.91859,-1.15434,2.95267,-1.4419,-2.61406,-0.71204,0.588087,5.09314,1.65438,cluster D
-8.06194,2.54813,-3.28524,-5.74752,0.482042,1.55132,-0.347374,-3.40418,-0.844609,0.993192,4.68147,3.07844,cluster D
-8.52306,3.65885,-2.94396,-5.7814,0.935819,2.24039,-1.20187,-2.51033,-1.33898,0.109256,3.57727,2.03292,cluster D
-8.08953,3.14418,-3.40843,-4.34905,0.813275,2.90889,-0.277778,-3.48939,-0.79429,-0.0528361,4.93084,2.54668,cluster D
-9.41094,1.70214,-3.61534,-5.74905,1.38761,2.19747,-0.566416,-3.25405,1.50845,-0.101114,4.7229,1.95314,cluster D
-8.06464,4.01287,-2.1867,-3.89844,0.383191,2.53278,0.130395,-2.96455,2.8438e-05,-0.290944,3.84118,2.41941,cluster D
-7.28044,3.49497,-2.84163,-5.60209,-0.0496205,4.12233,-1.66419,-3.09169,-0.265659,0.0339274,3.91793,2.38137,cluster D
-7.24205,2.50582,-2.39703,-5.01558,1.46524,1.58602,-0.959225,-3.9953,-1.38132,-1.20429,3.46599,1.34646,cluster D
-8.72893,3.98703,-3.79559,-4.62515,0.964529,1.53282,-2.09049,-2.87222,0.47692,-0.437654,4.09808,2.23784,cluster D
-9.55501,3.15422,-2.62735,-3.56972,-0.210132,1.39287,-1.26493,-3.70723,-0.252255,-0.151926,3.97713,2.21482,cluster D
-8.12569,1.74415,-2.42129,-6.83632,2.21715,2.85755,-1.82714,-2.39752,-0.0377387,0.199023,4.83697,2.53119,cluster D
-8.47602,3.57669,-3.02516,-5.30292,0.0691088,0.643691,-0.0368908,-2.58428,-1.04689,0.175407,4.39822,0.469266,cluster D
-9.14707,2.99292,-1.47055,-4.10225,1.86585,2.37508,-0.507282,-4.16342,0.596629,0.452276,3.2115,2.46695,cluster D
-7.22855,4.64828,-1.70683,-5.55226,0.78237,1.71021,-0.308463,-3.88395,-0.740661,-1.44047,4.40736,2.62648,cluster D
-8.93774,2.48357,-2.99701,-3.88348,-0.225246,2.10276,-1.12892,-2.88984,1.13308,0.551271,4.47712,3.4654,cluster D
-7.52001,3.33866,-2.64696,-5.9236,0.975355,1.50774,-2.21655,-3.41228,-1.27955,-0.840886,3.83609,2.54748,cluster D
-8.71162,3.41395,-1.56897,-4.31541,-0.0797407,0.685995,-2.05637,-3.93153,-1.51177,-1.53996,2.83409,1.75556,cluster D
-7.3339,4.43754,-3.71858,-5.39546,-0.304005,0.753918,-1.42872,-3.23275,-0.480132,0.300266,3.89139,3.06408,cluster D
-8.95173,3.69096,-3.10833,-4.97294,1.26425,0.951103,-2.00471,-3.35817,-0.219747,-0.0225936,3.48862,1.09351,cluster D
-8.64572,3.22125,-3.60595,-4.09874,1.31658,2.71639,-0.769969,-3.98845,1.73424,-0.787934,4.47406,2.78845,cluster D
-8.248,3.18923,-3.5548,-5.34134,0.847233,3.14974,-1.86582,-2.6667,0.443493,-0.0713741,3.79499,2.15726,cluster D
-9.8475,3.1892,-2.57196,-5.3743,1.30811,2.41456,-1.85977,-2.48748,-0.28431,1.85774,3.45768,1.66085,cluster D
-8.92613,3.3283,-1.8693,-4.85964,0.577921,3.70869,-0.439275,-3.38559,0.0558155,-1.32816,4.31287,3.69527,cluster D
-9.36236,1.98082,-2.71268,-6.88098,2.00756,0.932495,-1.86897,-3.31252,1.08932,0.198541,2.71876,0.908583,cluster D
-8.2951,1.39311,-3.10143,-5.66208,1.48188,3.07756,-3.36384,-2.88579,0.589291,-0.785961,3.72127,1.25897,cluster D
-8.77991,3.37311,-1.8178,-3.86541,0.575307,1.40473,-0.553888,-5.48752,-1.0829,0.329888,5.98605,1.5781,cluster D
-8.43363,2.13092,-2.96984,-5.0986,0.188637,2.38954,-1.49931,-2.84621,-0.109361,-1.1557,4.30866,2.91427,cluster D
-9.13987,4.12964,-2.53109,-5.31198,0.843526,1.74887,-2.07508,-2.49836,0.797705,-0.533418,4.05927,2.06417,cluster D
-7.92983,4.24102,-3.41878,-4.76218,0.808205,2.55026,-0.169949,-3.93732,-1.5873,-0.294377,2.92309,3.59685,cluster D
-9.04497,2.84016,-2.6771,-4.83174,0.495355,2.10893,-0.560003,-3.46954,1.58623,0.140711,2.32566,2.97627,cluster D
-9.89155,3.35125,-1.03694,-4.11703,-0.0693272,1.46124,-1.29964,-2.03521,-0.494298,0.757717,4.48682,2.18172,cluster D
-8.59678,4.44565,-4.07566,-5.90243,1.578,2.92632,-2.36485,-3.95195,-0.83351,0.307779,3.70593,3.41501,cluster D
-7.84083,3.29977,-2.69578,-4.54684,1.53262,2.13107,-1.10719,-2.57316,0.0408557,0.668726,4.12336,1.63798,cluster D
-8.31507,4.41964,-1.6509,-6.28413,1.09211,1.71363,-1.58614,-3.49776,-0.0988704,-0.574902,3.99879,2.42737,cluster D
-9.45435,2.06877,-3.78231,-5.9212,1.3113,1.20772,-1.39908,-3.17812,0.656323,-0.136254,5.06946,2.19446,cluster D
-8.28343,3.67754,-4.05871,-4.69167,2.05068,2.19161,-1.53099,-1.69181,0.163531,0.838822,2.29674,2.32708,cluster D
-8.89061,3.37464,-1.92225,-5.12584,0.648563,-0.177276,-0.697049,-2.1538,0.200798,-0.542176,4.51349,3.07962,cluster D
-7.96044,4.74664,-3.32906,-6.10227,1.2278,3.12992,-1.70135,-3.22267,-0.439014,-1.17207,3.62401,0.572291,cluster D
-8.26448,3.43726,-2.16324,-5.67614,0.311391,0.741414,-2.51555,-2.51411,2.35527,-1.01709,3.8919,2.98937,cluster D
-9.05277,3.5295,-3.12886,-5.25375,1.55569,1.89059,-2.36453,-2.56903,0.0935828,-0.611101,3.56174,2.70584,cluster D
-9.07112,3.15679,-2.07354,-5.09812,1.70598,0.982818,-0.846744,-2.80292,1.58918,-0.144649,4.93734,2.11082,cluster D
-9.34494,2.35078,-3.45272,-4.37963,0.197356,2.13316,-0.608904,-2.22693,0.835112,1.04684,3.29974,1.84686,cluster D
-8.22834,3.96455,-2.47262,-5.62588,0.675645,0.767274,-0.681847,-4.67281,0.252696,0.71188,4.94702,0.939669,cluster D
-8.31151,2.78302,-3.11881,-3.67875,1.06144,0.944347,-2.20662,-2.65562,0.259946,-1.07584,2.8604,1.79195,cluster D
-8.84331,3.72005,-3.37802,-4.47201,1.80088,0.797846,-1.8175,-1.9859,-0.29411,-0.183535,4.98279,1.61249,cluster D
-8.83655,1.70869,-2.45104,-5.42265,0.506351,-0.00424383,-0.579055,-2.69763,-0.595063,0.801196,2.20068,2.15076,cluster D
-9.88493,5.22862,-5.03472,-6.03539,0.170836,2.70616,-0.710126,-2.96504,-0.17392,1.52193,3.58037,2.44161,cluster D
-7.12216,2.00924,-3.59064,-4.16915,1.14119,0.98083,-1.36591,-1.72875,-0.1885,0.435387,4.26,1.62339,cluster D
-7.23765,3.78894,-1.96986,-5.19036,0.849457,2.22065,-1.03549,-3.57429,-0.395032,0.839421,3.25746,1.81556,cluster D
-8.85915,2.57861,-3.92806,-5.69854,1.40976,1.73858,-2.00494,-1.94673,-1.07533,0.611437,4.43177,1.07257,cluster D
-8.88266,2.67649,-1.90194,-4.33414,0.530434,1.07428,-2.78084,-3.4405,-1.13276,-0.376043,3.97607,2.47352,cluster D
-7.74704,3.0782,-2.57064,-5.21936,1.59936,2.68934,-0.114562,-2.18489,-0.586909,-1.41682,4.66447,3.09771,cluster D
-9.10297,4.20752,-2.87361,-5.15167,1.04375,0.885746,-2.74655,-3.5897,-0.956285,-0.256885,4.12654,0.070971,cluster D
-9.22723,3.3973,-4.85905,-5.37651,-0.366109,0.409908,-0.531488,-2.45805,-0.36768,-0.668295,5.23652,3.10832,cluster D
-8.59984,3.65976,-2.90271,-5.36805,1.22058,1.64528,-0.966846,-3.54003,-0.403636,-0.731493,4.47308,2.88837,cluster D
-8.25041,2.24802,-2.49193,-5.84489,-0.193572,1.82796,-0.79054,-2.78222,0.42373,0.848966,4.81025,1.85009,cluster D
-7.95191,2.74715,-2.65625,-4.62372,0.67989,0.812144,-1.53796,-3.56215,-0.0908638,-0.576874,3.23256,0.873196,cluster D
-8.02269,3.62748,-2.646,-5.10972,2.33923,2.57286,-1.38154,-2.62323,-0.0379755,0.348204,4.38583,2.6199,cluster D
-8.48708,2.64922,-2.52012,-4.15276,0.0481622,1.6305,-2.25402,-2.56953,-0.140677,0.513689,3.54044,2.86441,cluster D
-8.98362,2.65486,-2.48489,-5.35526,0.314843,2.78171,-1.4221,-2.26972,2.07251,-0.642028,3.91171,0.990646,cluster D
-9.46389,3.51232,-2.67079,-4.8151,1.16655,1.39566,-2.71416,-2.39286,0.24645,0.719779,4.16304,2.81994,cluster D
-8.93409,3.0322,-3.0373,-4.73534,1.92058,2.59151,-3.67291,-3.33879,0.0588785,0.459555,4.30421,1.65648,cluster D
-9.13722,2.77014,-3.46947,-3.89267,1.28747,2.12259,-0.582287,-1.52981,-0.109676,-0.203075,3.95657,1.23993,cluster D
-9.00862,2.29773,-2.51483,-4.66465,1.50824,1.46511,-0.559746,-4.02638,-0.0848831,0.855083,5.18677,3.0966,cluster D
-6.81432,3.88654,-3.08858,-5.19051,0.202303,2.2814,-1.943,-3.73154,-0.712344,-1.51421,6.19564,2.94819,cluster D
-10.1469,3.41498,-3.33011,-6.7199,0.655244,2.26782,-0.87558,-2.34944,-0.602562,-0.20091,4.74709,2.67459,cluster D
-8.175,3.14217,-1.892,-6.01223,-0.363981,3.4933,-0.99413,-2.33584,0.266001,-0.442553,3.85933,2.36478,cluster D
-8.84895,3.02169,-2.92941,-4.33366,1.48213,3.39871,-1.87842,-3.23659,0.872952,0.151508,2.30082,2.56619,cluster D
0.604175,3.07263,-0.841198,-3.18705,2.5002,2.20433,-0.476418,-1.62372,1.30168,-7.94339,1.47018,0.90126,cluster E
1.08911,3.37385,0.177236,-2.40377,1.68453,1.03511,-0.746926,-0.923963,0.326835,-7.92328,1.99829,2.36689,cluster E
0.619538,2.72296,-0.926181,-2.79768,1.86439,2.43229,0.942127,-1.45219,1.1409,-7.43094,1.64423,1.89129,cluster E
1.42715,3.90259,-0.630713,-2.30576,1.6806,1.71353,-0.722538,-2.24112,0.699265,-6.80431,2.13066,1.47287,cluster E
1.27345,3.8107,0.126001,-3.18801,2.60405,1.79488,-1.2333,-2.39571,-0.0156117,-8.04244,1.86239,2.09475,cluster E
-0.192364,3.5467,-0.739144,-1.79752,1.90526,2.14691,0.241701,-2.97889,0.512251,-8.35368,1.59061,1.69668,cluster E
0.505836,3.60387,-0.836769,-3.17481,1.687,1.2325,-1.30367,-3.29778,0.617192,-7.21479,1.32966,1.18672,cluster E
-0.815387,2.59993,-0.596738,-3.58544,1.98921,1.47641,-0.453514,-2.71334,-0.202955,-7.52777,2.46905,1.12327,cluster E
0.776579,2.87092,-0.862472,-2.06565,1.70074,1.14521,-0.351614,-2.35654,0.330446,-7.10347,0.286792,1.78225,cluster E
1.68805,3.47773,-1.78861,-1.99622,3.23062,2.06066,-1.31585,-2.78391,0.580113,-7.39572,2.74939,1.7865,cluster E
-0.798583,3.12712,-0.728517,-1.68381,1.38032,0.887993,-0.85173,-2.20988,-0.441256,-6.85155,1.96605,1.94672,cluster E
0.97173,3.63394,0.203425,-1.79739,1.48659,1.68453,-0.0381386,-2.27215,0.310205,-7.44039,1.53826,1.15396,cluster E
-1.50433,3.40022,0.477493,-2.35306,2.15619,1.84536,-1.1132,-2.0599,0.712403,-7.57062,2.20941,1.12418,cluster E
0.653981,3.7212,-0.0209849,-2.69761,2.23886,1.8512,-2.01803,-3.52256,0.559262,-8.16155,2.40843,0.673397,cluster E
0.326841,2.99776,-1.07017,-3.13599,1.73173,1.79817,-0.969052,-2.24967,1.0071,-7.60411,1.6506,1.06135,cluster E
0.288399,3.0091,-0.570683,-1.15294,2.43087,1.76932,-0.282932,-1.98961,1.45673,-6.61434,1.49453,2.83309,cluster E
0.0737093,3.40249,-1.10641,-3.79402,0.68499,2.95923,0.272015,-2.92713,0.0306541,-6.56052,1.50741,1.77329,cluster E
1.8376,3.81942,0.309315,-2.62075,0.744117,1.27497,-1.70694,-2.1327,-0.090579,-7.38814,1.78296,1.06626,cluster E
0.906756,3.06061,-1.10994,-2.1608,1.73842,0.85824,0.0860464,-3.20099,0.834498,-7.15546,1.91489,0.973958,cluster E
0.386539,3.12493,-1.2868,-2.25501,1.38606,1.30638,0.193925,-2.79795,-0.247404,-7.52408,2.07497,1.49184,cluster E
1.85284,2.99242,0.204742,-2.23786,2.64219,1.69208,-0.833752,-2.46511,0.886504,-6.88377,3.09091,0.405164,cluster E
1.24863,3.57825,-0.571384,-3.39497,1.97955,0.653635,0.135678,-2.90062,0.632925,-7.56509,2.44182,0.67788,cluster E
1.10966,3.60669,0.352087,-2.57397,1.69233,0.607624,-0.85143,-1.31991,0.426516,-7.7666,2.00148,2.01464,cluster E
-0.481053,4.46063,-0.236671,-2.31832,1.76461,2.97269,-0.893475,-1.83005,0.770288,-8.23551,2.00607,1.93201,cluster E
0.430076,3.10518,-0.608378,-3.29051,1.09197,1.81069,-1.20011,-1.97976,1.14385,-6.67203,2.68749,1.32496,cluster E
0.856879,2.65227,-0.333653,-3.06199,2.60213,1.3403,-0.519471,-2.79769,1.08888,-7.07282,1.47634,2.69359,cluster E
0.904379,2.48307,-1.15159,-3.87787,0.541812,1.67702,-1.90507,-2.09897,-0.298079,-7.70087,3.13448,1.26932,cluster E
0.573864,4.10836,-0.796815,-2.43647,1.26744,1.52799,-0.55301,-2.33032,0.228959,-7.33345,2.45018,1.87553,cluster E
0.61461,2.76454,-0.188181,-2.24643,1.1554,0.342857,-0.75536,-1.71958,1.22448,-8.20198,2.88552,0.926288,cluster E
1.14821,3.07355,-0.0238664,-2.47148,1.60745,2.17852,-1.05509,-2.58878,0.485205,-8.01479,2.63107,2.03653,cluster E
0.572092,2.7301,-0.344595,-2.61754,2.12627,1.72605,-0.797227,-1.51059,0.297295,-7.61612,0.957916,1.22364,cluster E
0.265522,3.10525,-0.282005,-3.17353,1.98483,1.48992,-0.945327,-3.51366,0.905994,-7.13141,1.43312,1.0713,cluster E
-0.568775,3.06813,-1.34022,-2.59712,1.62309,2.05848,-1.21656,-3.45131,0.575179,-7.9082,3.1245,1.55153,cluster E
1.39299,3.59099,-0.879371,-3.77737,1.54316,2.06161,-0.659877,-2.21077,0.81058,-8.36047,2.19362,0.920237,cluster E
0.492222,4.10541,-1.88898,-2.99931,1.90106,2.34498,-0.663875,-2.91635,1.10579,-7.19037,0.931814,1.45639,cluster E
-0.521764,1.66704,-1.28238,-3.40518,0.393235,2.84159,-1.49821,-2.16553,1.08737,-6.18395,1.82638,2.431,cluster E
-0.146004,3.28798,-0.885485,-3.41278,1.94149,2.90506,0.642546,-1.94452,-0.0230366,-7.99231,2.43072,1.81661,cluster E
0.917656,3.15529,-1.1868,-2.50804,1.72744,2.61156,-1.08259,-1.83294,1.51739,-6.26681,3.2752,0.832108,cluster E
-0.153071,3.42102,-1.15913,-4.25337,2.66112,2.05325,-0.00929159,-2.2341,1.41208,-7.31632,2.16141,2.66489,cluster E
-0.132653,3.67142,-1.59506,-1.84748,1.61321,1.00021,-1.77049,-2.48519,1.90941,-7.17538,1.10009,0.203711,cluster E
2.33831,2.97387,-1.53786,-2.69666,2.10741,2.72557,-0.776192,-2.80159,1.10177,-7.99235,2.28621,1.576,cluster E
1.18491,2.88585,-1.05016,-2.6085,2.0325,0.820192,-1.1615,-2.25398,0.44018,-6.0707,2.50482,2.24215,cluster E
0.519357,3.37396,-0.554774,-2.12648,1.53421,2.71902,-1.11708,-1.73578,0.842113,-7.72099,3.05061,2.0763,cluster E
0.456476,2.8435,-0.108127,-3.29082,2.08398,1.17465,-0.588404,-2.89877,0.555307,-6.45867,3.14559,1.16693,cluster E
0.401781,2.27839,-0.441042,-2.08154,1.21088,1.16751,-0.432047,-2.71415,0.796611,-6.5212,2.35123,1.8894,cluster E
1.75187,3.48139,-0.189084,-2.74225,1.27616,2.74665,-1.51668,-2.30051,-0.039803,-7.9998,1.26223,1.30959,cluster E
0.868506,4.14342,-1.79563,-2.6389,1.49952,1.3567,-0.719753,-2.22695,0.618395,-7.48302,3.432,1.53893,cluster E
0.792532,2.62062,0.0626597,-3.10322,1.69249,1.26637,-0.702856,-2.92783,-0.116883,-8.34994,1.83129,1.48269,cluster E
1.02924,4.36497,0.539684,-3.17105,1.31241,2.21851,-1.18843,-1.64538,1.3424,-8.06658,2.54918,2.38112,cluster E
0.880044,3.17513,-0.700319,-2.46145,1.31688,1.98124,-0.765088,-2.78138,0.108738,-7.11032,1.53664,1.63821,cluster E
-0.535762,3.23964,-0.522169,-2.53289,2.36221,2.09801,-0.271545,-2.4879,0.0745004,-8.17212,1.6262,1.65298,cluster E
1.23342,3.57898,-0.461772,-2.28089,1.57904,1.88568,-0.682515,-2.19035,0.581846,-8.24942,1.86373,1.00171,cluster E
1.6755,4.24384,-0.973649,-3.28046,1.78908,0.847633,0.145046,-2.36,0.417496,-6.8174,2.87768,1.58388,cluster E
1.21741,2.32614,-1.07028,-3.28357,0.765594,2.29147,0.842983,-3.15076,0.348911,-6.81861,1.89588,1.47321,cluster E
0.0926432,3.54296,-1.21174,-2.31013,2.07576,1.98045,-1.11345,-2.47858,0.977467,-8.02968,1.46884,0.0788483,cluster E
0.251444,3.2409,-0.0343811,-3.51992,0.860304,2.48535,0.0244987,-3.0513,0.378285,-8.60636,2.0245,2.26282,cluster E
1.06238,2.68174,-0.448878,-3.22343,1.94313,1.40797,-0.261154,-1.57647,0.883938,-7.26164,2.31117,2.01124,cluster E
0.326168,3.23132,-0.709507,-1.96681,1.8536,2.09987,-0.86621,-3.17657,0.503697,-7.18404,1.8844,1.13015,cluster E
0.35846,3.65939,-0.347952,-2.77184,1.17882,1.33585,1.57255,-2.44751,1.07138,-7.28927,1.22872,2.2889,cluster E
0.636141,2.79155,-0.146765,-3.12012,1.95031,0.939602,-0.751701,-1.93843,0.390927,-8.34101,1.57082,1.88636,cluster E
-0.38979,2.48441,-0.146004,-2.71171,1.71968,1.47019,-0.408873,-1.84621,0.955935,-8.55723,2.45089,0.457838,cluster E
1.62667,3.05689,-0.250991,-2.58061,1.35626,2.47631,-0.509644,-1.04841,1.09562,-7.26964,3.61822,2.3398,cluster E
0.606897,2.86501,0.584399,-2.00163,2.52796,1.57642,-0.989519,-2.8673,1.41715,-7.54943,2.5033,0.167214,cluster E
1.24077,2.91839,-2.26499,-3.5463,2.0229,2.69835,-2.32756,-3.18333,0.773873,-8.43844,1.80178,0.832699,cluster E
0.631152,2.41064,-0.843281,-3.31501,1.81592,1.68786,-0.0414632,-2.22128,1.76165,-8.48643,1.8974,1.94026,cluster E
0.635557,1.69166,-0.428302,-3.09268,3.26694,1.67445,-0.229916,-2.94671,1.11063,-9.21776,1.431,1.23136,cluster E
-0.419189,3.93905,-0.612264,-1.75308,0.868157,1.22622,-0.240681,-2.66648,1.20398,-7.08031,1.60299,1.55045,cluster E
0.917697,3.48889,-0.743075,-3.07858,1.61448,2.3645,0.647578,-3.22785,0.0628362,-7.57878,2.98385,0.94514,cluster E
2.04179,4.76819,-2.09548,-2.34148,2.14232,1.49741,-1.79013,-2.16078,0.458092,-6.72512,2.44757,0.908394,cluster E
1.83153,4.51,0.348364,-2.70645,2.36963,1.85045,-0.948464,-3.48111,0.900963,-8.68218,2.555,0.66166,cluster E
0.758355,3.19796,-1.29188,-3.38443,1.43084,2.72561,-0.365848,-2.47853,1.24328,-8.1785,1.1515,0.944919,cluster E
1.26088,3.17685,-0.521564,-2.68442,1.50543,2.54576,-0.179701,-2.87536,0.0511854,-7.50083,1.49992,1.47387,cluster E
1.04771,3.37333,-0.495394,-3.08993,1.24397,1.10137,0.173284,-2.83409,0.738133,-7.4141,2.34891,1.26143,cluster E
-0.435154,4.65261,-1.29443,-2.40013,1.06857,2.16672,-1.32216,-1.27779,0.978897,-8.48675,3.13596,0.273542,cluster E
0.364252,4.03591,-0.866815,-1.96667,1.77497,1.36616,0.145362,-2.32591,0.379298,-6.88738,1.90071,0.591642,cluster E
0.109127,4.89702,0.829468,-3.78004,2.24899,2.52564,-0.832706,-1.9266,0.0255048,-7.70685,2.72472,1.41954,cluster E
0.463555,3.15712,-1.49347,-3.44727,1.38957,1.64,-1.22339,-1.16858,-0.460864,-8.19833,1.63051,1.7837,cluster E
-0.368039,3.47175,-1.18829,-3.31164,2.00005,2.24972,-0.0103141,-3.12485,1.32279,-6.83405,2.26122,1.74661,cluster E
0.590824,3.22522,-0.0782492,-1.71803,1.58127,1.97017,-0.0510225,-3.24307,1.73379,-7.24505,3.00242,1.29726,cluster E
0.0279732,3.24968,-0.41419,-3.3627,2.34657,1.93244,-1.31147,-2.03077,0.606365,-7.4429,1.83448,1.03542,cluster E
-5.83786,0.300549,-2.82848,2.67889,-6.62279,-2.37057,2.81437,2.59637,-6.28869,0.254248,0.619252,-2.04685,cluster F
-4.92954,-0.202743,-2.20346,2.22218,-6.17162,-3.33852,2.56053,3.40511,-6.77899,-1.73081,2.2198,-1.82218,cluster F
-4.7017,1.23292,-2.96487,3.01998,-6.87629,-2.22926,0.497562,3.58877,-6.80144,-2.04187,1.82179,-1.2544,cluster F
-4.24989,1.34736,-2.48089,2.72014,-6.14419,-1.28757,2.81908,2.87236,-7.13824,-2.06407,0.416014,-0.83342,cluster F
-4.68604,1.00033,-3.47905,1.67864,-5.16695,-4.29031,1.20372,1.83931,-7.00084,0.479558,0.384406,-1.03245,cluster F
-3.66628,-0.336245,-3.44918,2.51711,-5.59649,-3.96147,1.49505,4.72289,-7.10678,-1.21685,1.76609,-2.09339,cluster F
-5.06084,-0.249486,-3.40588,1.79469,-7.36508,-3.13934,1.94999,4.00678,-6.80576,-2.0106,2.42386,-1.84789,cluster F
-5.1017,-0.226695,-2.9061,1.59922,-6.50459,-3.40766,1.18881,3.11636,-7.53992,-0.183086,0.0881488,-0.491865,cluster F
-4.68116,0.850508,-1.78696,1.00324,-4.85578,-2.37202,1.7583,2.89403,-6.19932,-2.71365,2.35556,-1.94233,cluster F
-4.3044,0.295066,-3.19253,2.00836,-6.73324,-1.75294,2.15486,3.8994,-6.07524,-0.936869,1.37003,-0.816557,cluster F
-5.35743,-0.524598,-2.93188,2.07086,-6.00582,-1.79912,2.91848,3.95582,-7.00725,-1.0488,1.18174,-1.19422,cluster F
-4.86009,-0.0545701,-2.7331,1.78558,-6.7096,-2.50597,2.19421,4.28576,-6.29778,-2.3206,2.08089,-0.536483,cluster F
-5.6864,-0.213273,-2.09429,2.46896,-7.161,-1.83513,2.24756,3.76594,-5.54257,-1.94774,0.480445,-1.28799,cluster F
-4.17517,0.308708,-1.98151,2.62931,-5.24386,-3.31998,2.00685,4.30179,-7.08107,-2.06041,1.11555,-2.00564,cluster F
-5.59665,-1.02019,-1.84862,2.33642,-5.01411,-3.38587,2.20163,3.37085,-6.3842,-2.6558,1.91679,-2.02502,cluster F
-4.74116,-0.545557,-1.73198,1.14087,-4.67748,-3.04029,1.87127,2.96251,-5.42562,-2.13551,0.32855,-2.5393,cluster F
-4.55462,0.583658,-3.43659,2.65318,-4.95559,-2.22924,2.41098,2.70368,-5.31654,-0.9921,-0.0876233,-2.38978,cluster F
-6.98944,0.554345,-3.83449,2.05842,-5.08372,-3.82939,2.75046,3.21474,-7.31675,-0.561904,1.25934,-2.37841,cluster F
-4.5586,-0.298548,-3.57672,1.95127,-5.39719,-3.97894,1.1093,4.08765,-7.56738,-1.69181,0.707323,-2.84294,cluster F
-5.52524,0.0402232,-3.00374,2.69605,-5.98754,-2.10677,2.23636,3.09817,-6.04792,-1.20924,1.5845,-1.9856,cluster F
-5.06001,0.0516116,-4.04939,2.56812,-6.6399,-3.35317,1.81297,4.98784,-7.10633,-0.408491,-0.625357,-2.07954,cluster F
-3.5175,0.281954,-2.64228,1.81621,-7.60234,-2.38821,2.79652,4.24066,-5.05822,-1.57313,1.36017,-3.44411,cluster F
-5.18805,0.278833,-1.95145,3.64618,-4.90193,-2.40813,2.01994,3.40575,-6.51618,-1.39272,1.86364,-1.97654,cluster F
-6.16751,-0.717119,-0.693847,3.27702,-6.47928,-2.94645,2.66911,3.69326,-6.23652,-2.97618,-0.0553429,-1.71934,cluster F
-4.39327,0.421462,-1.70899,2.31285,-5.90807,-2.69309,2.86467,3.01508,-4.93757,-2.29299,1.57574,-1.27956,cluster F
-3.71861,-0.656746,-3.56966,2.0627,-5.55515,-2.0941,0.192132,3.23646,-6.28677,-1.23219,1.2536,-1.93699,cluster F
-4.83479,-1.23038,-2.24051,0.444385,-6.24843,-3.44724,2.36027,2.7087,-5.83693,-1.25928,1.42462,-1.04232,cluster F
-4.08463,0.0113712,-2.30897,2.60494,-5.55762,-2.65884,0.192254,3.24526,-6.52585,-1.90631,0.414228,-1.75643,cluster F
-5.47462,0.631565,-1.99576,2.23745,-5.50594,-3.67276,1.3394,3.18957,-7.23364,-1.49915,1.00281,-0.676556,cluster F
-5.34677,1.09068,-3.68462,2.06465,-5.51677,-2.52812,0.28116,3.40418,-6.15685,-2.64714,0.61767,-2.08544,cluster F
-4.64712,1.10134,-3.93003,1.57615,-4.96038,-1.88046,3.38175,3.42955,-5.72993,-3.30138,1.30203,-2.56025,cluster F
-5.9811,-0.641679,-2.16639,3.36087,-6.48507,-3.02467,2.98987,2.94999,-6.29975,-1.04845,1.85883,-2.04634,cluster F
-7.01253,0.021089,-2.39072,1.90997,-6.54324,-3.46613,2.43595,3.57807,-6.28265,-1.50552,1.92002,-1.5936,cluster F
-4.97822,-0.658109,-3.20705,2.25817,-5.01493,-2.39672,1.8742,4.02038,-6.01263,-1.83579,1.32263,-2.64224,cluster F
-4.84501,1.67829,-2.16922,2.73594,-5.45358,-2.21935,1.26335,3.13183,-6.98252,-1.14571,1.66717,-0.312593,cluster F
-5.02027,-0.648538,-2.67038,2.25261,-5.90048,-2.72065,2.51015,3.05123,-6.24114,-0.755154,1.12871,-1.40882,cluster F
-5.37636,0.836693,-2.95487,1.79586,-6.25196,-3.01464,2.01782,3.0746,-5.20378,-0.815501,1.34217,-1.47616,cluster F
-4.97515,0.795751,-3.05563,2.22412,-6.6659,-1.84614,3.00303,4.27893,-5.64836,-3.23697,1.05722,-1.07501,cluster F
-4.54726,-0.976525,-2.67464,2.77001,-6.50844,-3.60152,1.67285,1.26677,-6.30517,-2.14329,0.721624,-1.98458,cluster F
-5.01628,1.31227,-3.55447,2.05774,-7.71675,-3.28988,0.653558,3.97665,-6.54841,-2.00426,1.57112,-2.64621,cluster F
-5.10851,-0.482903,-3.64194,2.03904,-6.61125,-2.90778,1.25484,2.25766,-5.52525,-1.2694,0.659771,-1.72059,cluster F
-5.70594,0.41584,-4.01606,2.57091,-5.87299,-2.83139,2.62014,3.37619,-5.26626,-1.05989,-0.177038,-2.59764,cluster F
-3.72617,-0.249468,-2.65887,1.84292,-5.00699,-1.95325,2.70705,3.1505,-6.71018,-0.48042,0.568014,-3.41993,cluster F
-3.76651,0.905721,-3.8608,2.47932,-5.65208,-2.57909,3.36304,4.40215,-7.04424,-1.58992,1.68382,-1.11333,cluster F
-5.15388,1.03964,-3.4917,2.90259,-7.39586,-2.37342,3.66639,4.60917,-7.06681,-3.6773,1.20441,-1.01856,cluster F
-4.82362,0.373223,-3.91007,1.8761,-7.05199,-3.70834,1.71083,4.51314,-6.21324,-2.08927,0.843223,-2.55467,cluster F
-5.37073,0.295309,-4.04318,2.4533,-6.60794,-1.97214,1.3939,3.58728,-7.15221,-1.15004,-0.359754,-2.26556,cluster F
-5.60546,-1.04354,-3.21202,2.08414,-6.59185,-3.54823,1.56828,2.88389,-5.73996,-1.14364,1.92707,-1.16124,cluster F
-3.59647,0.207408,-2.68367,2.3474,-6.3756,-2.23358,2.44113,3.86255,-6.24484,-0.68392,-0.0122624,-1.35787,cluster F
-4.89945,-0.232464,-3.08753,2.68975,-5.44511,-2.85677,2.70947,3.79835,-5.65738,-0.683285,1.61212,-2.02679,cluster F
-5.6791,1.26535,-3.4332,2.94254,-5.98332,-1.46838,2.11193,3.3092,-7.924,-0.974374,1.04006,-2.20609,cluster F
-5.14004,1.19024,-2.53171,2.96433,-6.20657,-2.43924,2.89917,3.34685,-5.4435,-1.58599,2.48663,-2.14269,cluster F
-5.15165,0.375231,-3.04226,2.30169,-6.01587,-1.739,1.87926,4.4372,-5.72433,-1.27878,0.948198,-0.32492,cluster F
-6.66553,-0.0472694,-2.87462,2.77318,-5.96101,-1.95656,2.64628,4.38001,-6.80352,-1.03414,2.31873,-2.1889,cluster F
-4.65683,-0.73703,-2.48408,1.80922,-5.53615,-3.48494,2.26014,2.81211,-6.40199,-1.09337,2.76628,-1.42504,cluster F
-4.47319,1.63302,-2.01097,1.58346,-5.62339,-2.57151,2.81775,3.93684,-7.70483,-1.84007,2.38332,-1.13393,cluster F
-5.50165,-0.12821,-3.05486,1.30456,-8.54413,-2.35077,1.34135,2.93739,-7.06416,-1.81732,0.61966,-0.704639,cluster F
-5.18733,0.593707,-2.94825,3.20057,-6.05094,-4.28718,3.45567,4.69007,-5.9998,-2.72477,1.94286,-1.60145,cluster F
-5.57479,-0.277651,-2.0542,1.74936,-6.27053,-3.35803,2.48046,2.75533,-6.08184,-1.76852,2.49118,-2.21226,cluster F
-4.88377,0.881659,-2.26745,1.08902,-5.99159,-2.46209,2.62515,3.32621,-5.35794,-0.458163,0.700023,-2.64659,cluster F
-4.96951,0.625589,-2.05203,1.41929,-6.56889,-4.18827,1.43143,4.35412,-4.82941,-0.867212,0.954437,-1.95031,cluster F
-3.35454,1.19247,-2.6344,1.96905,-6.5807,-2.64429,3.59745,3.39907,-6.63243,-1.18617,0.884987,-1.01602,cluster F
-5.59326,0.340948,-3.33428,2.98602,-5.91442,-3.24618,1.77976,3.47884,-5.33478,-1.04951,1.23223,-2.56175,cluster F
-6.05306,-0.986972,-3.36055,2.56116,-6.08177,-1.90322,1.28462,3.29147,-6.68986,-2.26454,-0.681656,-2.46821,cluster F
-4.24671,-1.16176,-2.27594,2.90836,-6.24757,-2.5602,2.00112,3.4508,-5.41159,-0.65317,1.71301,-1.65288,cluster F
-5.02786,0.359583,-3.88009,1.59035,-6.06678,-4.11506,2.10499,3.3388,-6.64146,-1.62847,0.44575,-0.295859,cluster F
-6.41451,-0.416982,-4.28784,2.46542,-5.47951,-1.44876,1.51489,3.90544,-7.21873,-1.6182,1.40852,-3.01843,cluster F
-5.12061,-0.368928,-2.68608,2.80997,-7.28866,-2.90784,1.00601,1.65082,-7.38763,-2.07164,-0.0125619,-2.75107,cluster F
-4.02119,0.18979,-2.14859,3.28211,-6.04056,-0.853892,2.41714,3.52976,-7.12984,-1.79343,1.22355,-1.79559,cluster F
-4.76898,0.412979,-3.95721,1.63523,-6.44355,-3.19324,1.07092,3.35499,-7.18841,-0.79362,0.320169,-1.70664,cluster F
-6.47954,0.000161474,-2.20332,2.24356,-5.67475,-2.6508,1.83374,3.77973,-6.22772,-1.2643,0.474617,-2.2634,cluster F
-7.06189,0.184299,-3.76417,1.62651,-5.5598,-2.67902,2.3459,2.84532,-6.19077,-1.55349,1.05538,-1.98848,cluster F
-3.75147,-0.735448,-2.78265,2.41497,-5.46184,-2.41804,1.70937,3.5312,-5.3807,-0.734616,0.639658,-1.72909,cluster F
-5.05345,1.14429,-3.24741,3.22818,-4.89304,-2.8682,3.79806,3.27446,-6.63981,-0.949962,0.58229,-1.76641,cluster F
-5.81501,-0.135437,-2.84151,1.24327,-5.58052,-2.19445,2.03416,3.95115,-5.98912,-2.10676,1.37997,-1.67915,cluster F
-5.42396,0.454943,-3.70836,0.133339,-5.78451,-2.57287,3.4802,3.22631,-5.81155,-2.15302,0.135497,-2.05749,cluster F
-4.73962,0.176292,-2.03523,3.1879,-7.01879,-3.08633,3.5404,4.55027,-7.2792,-1.98213,2.56385,-2.45462,cluster F
-3.88165,-1.21547,-2.93959,1.61063,-5.73212,-1.66489,2.60155,4.35856,-5.46265,-0.114381,1.35616,-3.1708,cluster F
-5.98504,0.977722,-2.30949,3.20214,-6.24834,-3.01603,0.798775,2.6786,-6.53857,-1.97469,-0.233273,-0.714575,cluster F
-4.89406,0.384972,-2.80873,2.24986,-6.90923,-2.09949,1.69147,2.69061,-5.54082,-1.42654,1.43495,-3.2718,cluster F
6.17024,-4.25647,0.133966,-3.48346,3.42723,-0.790151,-0.734603,-3.9927,4.84417,2.26262,2.31461,3.5661,cluster G
3.75851,-2.21762,-0.0876797,-3.6706,5.87362,-0.15834,-1.92515,-5.05679,6.93795,2.32578,1.37223,3.61515,cluster G
5.03734,-4.23055,1.27776,-4.9379,4.60976,0.136684,-1.01165,-5.64263,6.17932,2.83978,3.39323,2.9649,cluster G
5.42875,-2.12687,2.25753,-3.85434,4.22988,-0.552592,-1.31558,-5.12519,6.50094,3.52108,2.17967,4.16373,cluster G
4.31947,-4.55849,-0.439504,-3.81403,5.85906,0.118781,-0.654813,-4.27596,3.47716,2.08529,2.30119,4.46209,cluster G
5.12242,-4.92163,-0.318574,-2.88473,4.39489,-1.19939,-2.23966,-5.08197,3.98256,2.55115,2.06569,3.18924,cluster G
6.35994,-4.24575,0.146432,-3.57348,2.26583,0.556136,-0.599079,-5.09457,5.00843,2.17838,0.98479,3.25967,cluster G
4.71388,-2.93264,1.27013,-2.34891,4.7404,-1.71722,-1.75886,-4.6695,4.67631,2.22108,2.92245,2.58371,cluster G
4.89662,-2.2747,1.08192,-3.7376,4.21182,-0.381925,-2.14046,-4.64914,5.04887,0.73385,3.22166,2.64121,cluster G
4.81746,-3.2166,0.949196,-4.17855,2.31025,-0.529512,-0.945388,-6.15311,4.70379,3.28146,1.44018,6.65008,cluster G
5.06572,-4.55414,1.39555,-3.34485,5.27995,-1.09545,-0.564518,-6.05625,5.31513,3.48325,2.37367,4.50873,cluster G
4.52396,-2.81716,0.530888,-3.35482,4.23064,-1.27535,-1.87551,-5.64652,6.43037,2.37371,1.31212,2.4139,cluster G
4.67716,-4.51718,1.20298,-4.0594,3.34141,0.592592,-2.65588,-3.30747,4.41198,1.03756,2.7333,4.28649,cluster G
5.82604,-3.1484,0.487391,-3.28662,4.32628,0.640959,-0.32959,-4.58261,5.74758,0.432755,1.81109,4.36565,cluster G
4.39204,-3.6354,0.475894,-3.25261,3.67316,-1.73195,-0.807773,-4.80916,4.313,0.56634,1.96954,2.3627,cluster G
5.56439,-3.81875,-0.291775,-3.76971,5.66113,-0.28446,-1.85985,-5.45119,4.00867,2.88732,1.02813,3.82577,cluster G
5.55522,-2.87602,0.906921,-3.54076,4.20072,0.0993177,-0.693538,-5.19518,5.21783,1.85089,1.56849,4.29922,cluster G
5.09593,-3.00841,2.40999,-3.74997,3.69828,-0.39586,-0.4181,-6.34001,4.4752,2.89655,0.961091,3.97453,cluster G
6.06639,-3.24241,0.365453,-3.51919,3.39957,-0.132605,-0.347776,-4.32901,3.20326,1.62156,2.52679,3.12378,cluster G
2.76291,-3.40402,1.50372,-3.15082,4.15754,0.697663,-2.28339,-5.40169,5.3729,5.05232,1.66065,4.05451,cluster G
6.18907,-2.9442,1.77628,-2.11361,2.76181,0.355911,-1.47995,-3.88896,5.40551,2.4794,2.42173,2.39203,cluster G
5.53902,-4.89195,0.910841,-3.42636,5.04011,-0.0458039,-1.80367,-4.58476,6.48255,1.42976,3.41538,2.88024,cluster G
4.60135,-3.72218,0.221972,-1.79402,4.88187,0.454773,-2.21926,-4.58856,4.32891,3.41129,0.819125,4.03043,cluster G
3.50088,-4.77319,1.26271,-2.41987,5.1581,-0.377597,-1.55319,-4.37401,4.10548,1.34654,2.71435,3.80948,cluster G
4.86097,-2.52508,-0.275116,-2.73574,6.05574,-0.384877,-2.14159,-4.10069,5.53297,3.29347,2.876,3.07398,cluster G
4.63,-4.51479,3.26508,-3.87666,3.96842,-0.589708,-0.71033,-3.9364,4.66569,2.67042,2.91154,5.2715,cluster G
4.62875,-3.30874,2.47015,-4.29268,4.25103,0.0493862,-1.99859,-5.28233,5.26469,3.22708,3.06138,3.004,cluster G
4.03998,-2.74499,-0.148685,-3.55469,3.32069,-1.33556,-0.870699,-6.29625,4.55569,3.30968,3.56626,2.32512,cluster G
4.03025,-4.27084,-0.0182439,-2.04496,4.96125,0.353022,-1.90693,-4.52155,5.21459,2.24598,2.74645,4.54008,cluster G
4.72976,-3.89892,0.233259,-1.98316,4.62763,-2.03018,-0.994267,-4.48394,3.75492,1.05014,3.12072,3.18422,cluster G
3.57422,-3.54376,1.35751,-3.92377,3.5647,-0.0368877,-1.17105,-3.70976,6.12697,2.67591,1.7136,2.91086,cluster G
2.9429,-3.63857,0.726886,-3.69336,4.80536,0.953662,-2.63163,-4.82929,5.40324,1.74406,1.66796,4.80831,cluster G
5.36551,-1.84484,0.429408,-4.01537,3.99255,0.635792,-0.0490779,-3.56014,4.51533,1.07761,3.06704,4.1468,cluster G
5.23828,-2.39287,0.403208,-4.47209,5.89625,0.184591,-1.36146,-4.49652,6.86509,2.41293,3.68674,3.49501,cluster G
6.35021,-3.40884,2.05714,-3.14977,4.72068,0.129156,-1.45023,-5.0578,5.6313,2.17394,1.8287,3.76498,cluster G
5.96627,-3.63619,0.248965,-3.8586,4.24396,1.28585,-1.96297,-4.21738,4.89208,1.70801,1.8266,4.35972,cluster G
4.39045,-2.45875,2.7281,-3.85394,3.15945,-1.5044,-0.682031,-5.88733,4.52297,1.60489,3.35981,3.94903,cluster G
5.25682,-5.00649,0.356022,-3.20624,4.10349,0.171178,0.179242,-4.61549,5.6809,2.13033,1.90305,3.00218,cluster G
4.66198,-4.94388,0.565428,-3.1527,3.79595,-0.131285,-2.65194,-5.63712,5.02342,3.17414,2.32586,3.19843,cluster G
4.26839,-3.5744,0.611048,-2.58517,3.73964,0.438741,-1.68363,-6.40613,3.82211,2.9595,1.74615,2.96992,cluster G
6.80164,-4.57466,0.983626,-4.30648,3.6569,0.310403,-1.41648,-3.66306,4.22644,1.63935,1.06422,3.37432,cluster G
4.08695,-3.7449,0.346283,-2.83038,3.63489,-0.0452806,-1.26782,-5.81208,5.00218,2.20734,2.6376,1.76279,cluster G
5.93676,-3.51142,1.37317,-2.75089,3.07077,0.498232,-0.910092,-5.5835,5.67994,2.02368,1.41699,4.10098,cluster G
5.38215,-3.32642,0.937623,-1.87037,3.7365,0.101179,-1.27198,-5.31952,5.42345,1.46166,2.66248,3.6314,cluster G
4.49728,-4.15896,-0.0472742,-3.07787,5.58175,-0.574378,-1.86594,-5.69813,5.25963,2.65954,2.54445,3.37226,cluster G
3.78581,-2.74846,0.795509,-2.8281,4.29085,-0.0580492,-0.461803,-5.03259,6.72877,3.44895,3.00318,3.21326,cluster G
5.44274,-3.27289,1.6652,-3.05489,3.42667,-0.809469,-1.14445,-4.43515,5.01692,1.80641,2.14503,3.97605,cluster G
4.41423,-3.96393,1.17668,-2.59132,3.27396,-0.353816,-1.10293,-5.48036,5.47861,2.96129,1.68639,5.3613,cluster G
5.10819,-2.28056,1.69315,-4.58203,3.22892,0.17043,-0.674671,-4.64256,3.49048,1.76943,2.66439,4.45149,cluster G
5.21277,-4.66254,0.639287,-3.39374,3.89335,0.780873,-0.163198,-4.10948,4.17896,1.26136,1.06105,3.22001,cluster G
4.85885,-4.66711,1.28318,-2.94162,4.06063,0.30479,-1.90558,-6.00841,6.22013,1.96424,3.04901,2.89347,cluster G
2.95818,-3.13821,0.0764106,-3.84095,4.92306,-1.28745,-1.32964,-4.23673,6.67012,1.47463,2.39473,2.88664,cluster G
5.75979,-3.96227,2.1371,-4.14125,4.84996,1.13158,-0.578301,-5.13619,4.65247,1.20156,3.0288,4.16914,cluster G
5.05237,-4.58687,0.338951,-3.26119,5.585,1.4328,-0.34155,-6.30165,3.3792,2.26223,2.60416,4.7159,cluster G
4.0272,-2.71081,0.755106,-2.72831,3.71562,-0.518818,-1.65823,-5.38077,4.19539,1.51758,2.41136,2.33835,cluster G
4.40398,-4.11991,0.790443,-2.24231,3.56728,1.20445,-2.66751,-5.93997,5.57,0.249892,2.02256,3.72896,cluster G
3.58097,-2.41133,2.53722,-3.11221,4.21911,0.57838,-0.329644,-5.52187,4.71275,3.91155,2.45732,3.28262,cluster G
4.07222,-5.95546,0.940433,-3.09859,4.15766,-0.223706,-0.460085,-4.92411,5.20105,2.10448,1.97937,3.50194,cluster G
4.20558,-2.65005,1.28509,-3.1417,5.86507,0.592439,-2.04649,-5.8461,4.97967,1.85999,3.32598,4.03413,cluster G
5.50084,-2.69742,1.80981,-4.59523,3.10557,-0.877396,-0.691601,-4.96827,6.54065,3.30781,3.36279,2.88502,cluster G
4.72316,-2.76212,0.181882,-3.68426,5.69211,1.66783,-2.53851,-5.20112,4.0656,0.634272,1.5693,3.8432,cluster G
5.28034,-3.37419,2.10291,-3.84399,3.98355,1.13275,-0.526731,-5.82518,4.01808,2.26462,2.38847,3.64243,cluster G
4.6085,-3.51587,0.520141,-3.22874,3.65253,-1.12962,-1.05867,-5.84641,4.35716,2.68042,2.50131,4.90768,cluster G
6.12502,-3.90466,0.804033,-3.71641,3.06796,1.16635,-0.601945,-5.64731,6.46899,2.78648,2.86043,3.02211,cluster G
2.80272,-3.06742,0.425739,-4.38182,4.64277,0.386224,-1.91438,-5.21512,5.41462,2.25542,1.76409,4.60705,cluster G
4.51077,-2.64926,0.977922,-3.41519,5.23485,-0.606678,-0.843241,-4.74473,5.9557,2.19483,0.977506,1.99844,cluster G
3.29713,-4.53885,0.926988,-3.43779,3.77737,-0.193212,-1.76245,-5.2399,5.0837,3.97102,2.00906,3.17847,cluster G
4.48759,-4.28519,1.68739,-4.24275,5.83864,-1.40281,-1.20676,-4.36844,5.45144,2.84193,0.993869,4.11156,cluster G
5.22006,-2.30725,1.03453,-3.08136,2.89056,0.374225,-1.99791,-4.8507,6.50173,1.52028,2.4551,2.97683,cluster G
4.28241,-5.1421,0.711011,-2.88293,5.25794,1.20966,-1.24296,-4.39729,4.96112,1.51233,1.86989,4.11475,cluster G
5.33054,-4.98666,1.4892,-3.41966,4.71823,0.0623856,-2.1593,-6.27862,4.96773,2.25484,2.35081,2.44319,cluster G
5.90148,-5.5272,2.13818,-3.3121,3.77022,1.30712,-1.22745,-5.12287,4.5993,2.68434,2.70018,4.62367,cluster G
5.72301,-3.5694,0.546104,-3.49055,3.59607,-0.429403,-1.59419,-4.89723,5.1445,1.65448,2.47052,1.58997,cluster G
4.67557,-5.48635,0.722676,-2.65769,4.34564,-1.00748,-1.3191,-5.31828,4.52031,2.3188,1.66703,2.66794,cluster G
3.91031,-3.26844,0.242231,-4.43298,4.80575,-0.745734,-2.36945,-4.72129,4.45966,1.70464,1.48956,3.85324,cluster G
5.23842,-2.85202,0.418291,-1.30137,3.63174,-1.07543,-1.4748,-6.69927,4.31792,1.82838,2.31887,4.42664,cluster G
5.07702,-3.84542,1.06406,-4.14599,5.36878,0.0769704,-0.77056,-5.61993,4.34011,1.41958,1.52587,2.90944,cluster G
5.41259,-4.18401,1.50666,-2.49962,4.49039,0.599807,-2.99662,-4.96149,4.65916,3.33076,2.5348,3.13673,cluster G
4.79611,-3.40607,2.47856,-3.46644,4.44993,-0.507755,-0.892715,-4.85443,5.2082,2.14386,3.50861,4.30515,cluster G
5.19057,-4.01876,1.45269,-3.00016,5.00334,0.426669,-1.59948,-4.63785,6.58697,2.75541,1.43335,3.11897,cluster G
